[{"title":"Sony Xperia Pro-I","description":"MODIFICADA XXX","price":25300,"stock":11,"thumbnail":"https://fdn2.gsmarena.com/vv/bigpic/sony-xperia-pro-i.jpg","id":1},{"title":"Samsung Galaxy s21 5G","description":"Smartphone unlocked, 5G.","price":4000,"stock":25,"thumbnail":"https://fdn2.gsmarena.com/vv/pics/samsung/samsung-galaxy-a73-5g-1.jpg","id":2},{"title":"Sony Xperia Pro-I","description":"Smartphone unlocked, 5G.","price":2500,"stock":25,"thumbnail":"https://fdn2.gsmarena.com/vv/bigpic/sony-xperia-pro-i.jpg","id":4},{"title":"Motorola Moto G22","description":"Smartphone unlocked, 5G.","price":3000,"stock":5,"thumbnail":"https://fdn2.gsmarena.com/vv/bigpic/motorola-moto-g22.jpg","id":5},{"title":"Xiaomi Black Shark 5 Pro","description":"Smartphone unlocked, 5G.","price":1500,"stock":25,"thumbnail":"https://fdn2.gsmarena.com/vv/bigpic/xiaomi-black-shark-5-pro.jpg","id":6},{"title":"Sony Xperia Pro-I XXX","description":"nueva descripción XXX","price":200,"stock":50,"thumbnail":"https://fdn2.gsmarena.com/vv/bigpic/sony-xperia-pro-i.jpg","id":7},{"title":"Sony Xperia Pro-I ","description":"nueva descripción XXX","price":44500,"stock":1,"thumbnail":"https://fdn2.gsmarena.com/vv/bigpic/sony-xperia-pro-i.jpg","id":8}]